partition,train,test,train bal,test bal,train (base),test (base),train bal (base),test bal (base)
P0,0.9460583277964876,0.3935732393290917,0.9500004634664609,0.38685655405737446,0.30790188624162995,0.32561071818962933,0.2,0.2
P1,0.9696310596690576,0.6157107472047401,0.9586151509534078,0.4843801617641632,0.555058940788695,0.5616817363781372,0.33333333333333337,0.33333333333333337
P2,0.964600981501048,0.5716420968890467,0.9659821676950173,0.4258999701666582,0.4543515605943308,0.42590843400094675,0.25,0.2833333333333333
P3,0.9520222713099595,0.4320409343661554,0.9539014877389119,0.39103783415528853,0.33072578847564116,0.3083592597199636,0.25,0.25
P4,0.9427989441236393,0.36642847498620457,0.9542122941894429,0.3055207964182974,0.30147228192447467,0.32425034928909396,0.16666666666666669,0.18
P5,0.942797044072783,0.36504785424011,0.945977922319958,0.3375118430054963,0.30147131207467587,0.3241090522961209,0.2,0.2
