partition,train,test,train bal,test bal,train (base),test (base),train bal (base),test bal (base)
P0,0.6834702186027343,0.5265926581258389,0.6825598717592157,0.5268733211233212,0.30852483797126157,0.3421409191706674,0.2,0.20500000000000002
P1,0.8323224601262889,0.739301709035592,0.7839642582384807,0.6578496802761508,0.5552927567127439,0.5699995524215913,0.33333333333333337,0.33333333333333337
P2,0.7913287649966287,0.6699841212150057,0.654190721398398,0.6496195124320123,0.4538596543534137,0.37707506636292243,0.25,0.3166666666666667
P3,0.7386312624207682,0.5551239214170248,0.7286533825421028,0.5367243867243867,0.3307829843887835,0.2474821404648991,0.25,0.25
P4,0.6749356835258118,0.5002078281538551,0.6211672057000556,0.47594011544011544,0.3024558197306916,0.3409999236146163,0.16666666666666669,0.19333333333333333
P5,0.6827698951137997,0.4974835049580474,0.6856622126950367,0.5073636363636365,0.3024550354073259,0.3395935596842347,0.2,0.2
